id,企業名,ステータス,最終更新
018ddfed-4aaf-429a-acd7-679545955aaf,アメリカン エンジニアリング コーポレーション,架電済,2026-09-10T06:44:31.521+00:00
0226d7a1-b765-4a28-8294-49c5252e227c,株式会社中原商事,架電済,2026-09-10T06:44:31.514+00:00
02f2fdbd-b7f5-4917-ac1a-a32c868c1da0,株式会社ハーモニック・ドライブ・システムズ,架電済,2026-09-10T06:44:31.514+00:00
03579a9c-6e33-42a2-b3f6-8e089a78a9f2,株式会社NTTデータSMS,架電済,2026-09-10T06:44:31.52+00:00
03cfb0e6-324d-4803-aca4-0008990736f7,信濃運輸株式会社,架電済,2026-09-10T06:44:31.517+00:00
04806d68-db21-434e-a0db-1625c4ba1ec3,リンク情報システム株式会社,架電済,2026-09-10T06:44:31.521+00:00
050ae855-ca0c-4204-ba43-015ac9462796,東日本建設業保証株式会社,架電済,2026-09-10T06:44:31.516+00:00
05955af4-f292-4053-be22-fd037911c7e2,鶴丸海運株式会社,架電済,2026-09-10T06:44:31.514+00:00
05bd12cb-0983-4806-b279-ccec0513b67c,三谷産業株式会社,架電済,2026-09-10T06:44:31.517+00:00
0704e7d0-26b5-48ca-9028-54690273bc69,ニチアス株式会社,架電済,2026-09-10T06:44:31.512+00:00
0818e856-ff5a-4320-8bf4-791fd62c6ca7,大西物流株式会社,架電済,2026-09-10T06:44:31.521+00:00
0855eedb-3418-4cc7-9375-a6289816f850,株式会社ATHREE CANVAS,架電済,2026-09-10T06:44:31.515+00:00
09112715-3d34-4428-8e99-cfb2ae771b87,冨士自動車株式会社,架電済,2026-09-10T06:44:31.514+00:00
09c076d7-0779-483e-9173-aba1de30bf2d,三菱倉庫株式会社,架電済,2026-09-10T06:44:31.521+00:00
0aca7c2b-22bf-4ce6-bfab-ac9c3706b820,ポールトゥウィン株式会社,架電済,2026-09-10T06:44:31.52+00:00
0b21e50e-7a45-42e0-957f-b1faf46645ab,株式会社ケーイーシー,架電済,2026-09-10T06:44:31.516+00:00
0b45cdc9-0abb-4c4a-bd8f-8b2435d73bbf,芝浦メカトロニクス株式会社,架電済,2026-09-10T06:44:31.52+00:00
0beecd65-2c6c-4509-864a-8ceaad49f4fa,株式会社イエローハット,架電済,2026-09-10T06:44:31.517+00:00
0c803f2e-ad05-49f4-b90a-ac555fb5bc77,株式会社SUISHAYA,架電済,2026-09-10T06:44:31.514+00:00
0d2d5cef-ed48-4ff1-90af-9809041f73c0,中越パルプ工業株式会社,架電済,2026-09-10T06:44:31.515+00:00
0dab59b0-8cae-4d8d-aa74-e086f609157d,日本総合住生活株式会社,架電済,2026-09-10T06:44:31.513+00:00
0dcc6030-26de-4d8f-bc10-714bb28b5da0,株式会社三洋商事,架電済,2026-09-10T06:44:31.516+00:00
0f43797e-bc9a-4f35-a982-e4ba8be0edff,株式会社四国物流サービス,架電済,2026-09-10T06:44:31.522+00:00
103c9f8a-bc70-4ce2-96e4-211efbb1e984,航空集配サービス株式会社,架電済,2026-09-10T06:44:31.517+00:00
109ab747-ed4a-4488-a697-77281aaa00e6,高松テクノサービス株式会社,架電済,2026-09-10T06:44:31.517+00:00
10f65eb2-e41c-4059-afae-7c7229735302,ホーチキ株式会社,架電済,2026-09-10T06:44:31.511+00:00
11143911-053e-4efb-978a-f6056a546986,ダイキン工業株式会社,架電済,2026-09-10T06:44:31.515+00:00
11222dd8-1497-46b8-a97a-48e22fd67449,日ノ丸西濃運輸株式会社,架電済,2026-09-10T06:44:31.516+00:00
11726726-124a-45b7-82fe-fad91d74252e,レック株式会社,架電済,2026-09-10T06:44:31.514+00:00
11eddb5a-95fd-4487-9776-8252c13d58df,株式会社こだわり,架電済,2026-09-10T06:44:31.521+00:00
13433b27-9a28-41c5-bce9-96b11dd1a229,株式会社喜久家,架電済,2026-09-10T06:44:31.514+00:00
1353ade0-8631-4c9f-8ebd-036444d7f90e,株式会社大日商事,架電済,2026-09-10T06:44:31.521+00:00
13675627-d23b-4041-b48f-9f552bb2a873,株式会社伯和,架電済,2026-09-10T06:44:31.521+00:00
136917ed-2548-4881-9c54-377fca2327a1,株式会社共和コーポレーション（APINA）,架電済,2026-09-10T06:44:31.513+00:00
13759ee8-4867-4bca-8caf-405e72aab09a,正栄食品工業株式会社,架電済,2026-09-10T06:44:31.515+00:00
14cfd093-9fab-4188-b637-ff7d668e791a,株式会社コスメディア,架電済,2026-09-10T06:44:31.516+00:00
14fd614d-fc19-4de4-9973-170fd1fa5a51,株式会社遊楽,架電済,2026-09-10T06:44:31.522+00:00
18080fcf-50bb-4b7d-9c1e-4f82a5119d4a,株式会社ヒラオカコーポレーション,架電済,2026-09-10T06:44:31.517+00:00
18374d2d-9300-4d07-a248-81d0a661ca05,三井倉庫ロジスティクス株式会社,架電済,2026-09-10T06:44:31.516+00:00
1850845b-c26b-4a89-af1c-084554b5ccb6,山九山口ビジネス株式会社,架電済,2026-09-10T06:44:31.518+00:00
197576fb-8b81-4a75-95a2-c0911d6c5fe2,株式会社アグレックス,架電済,2026-09-10T06:44:31.517+00:00
19d9af7d-f6c5-4a15-a002-a2f98b89f012,平和交通株式会社,架電済,2026-09-10T06:44:31.516+00:00
19dfb57b-32c8-41bc-ad17-8b37cc66f1b0,株式会社シーエーシー,架電済,2026-09-10T06:44:31.52+00:00
1a020514-b04b-45eb-9d98-7e832a517c54,東和産業株式会社,架電済,2026-09-10T06:44:31.522+00:00
1a16f7d4-cdca-4bf2-aec8-ad79113c58e6,株式会社日ノ丸急送,架電済,2026-09-10T06:44:31.517+00:00
1a5fbf19-bdf7-431c-a711-7f9b6a68b22f,HIGUCHI GROUP,架電済,2026-09-10T06:44:31.521+00:00
1a6b0672-7aef-4803-9c18-a3af7787f2c5,株式会社キクチメガネ,架電済,2026-09-10T06:44:31.512+00:00
1b7a6842-28de-49d6-8ec6-eddb1acb7025,株式会社イクティス,架電済,2026-09-10T06:44:31.516+00:00
1bc50abd-4dfb-4897-beac-2f75a16a476a,株式会社メイケイ,架電済,2026-09-10T06:44:31.513+00:00
1bd45bd7-04ac-45a4-a7ee-3df064129b51,京楽ピクチャーズ.株式会社,架電済,2026-09-10T06:44:31.522+00:00
1d2ddb4b-de1d-42b6-8898-1146092e9659,サードプラネットグループ,架電済,2026-09-10T06:44:31.515+00:00
1d35796a-7ab1-4d21-a9b8-a80512513e39,株式会社タイラベストビート,架電済,2026-09-10T06:44:31.515+00:00
1e7a67ee-01e2-41b8-817a-5d6fd2be55b3,株式会社キングジム,架電済,2026-09-10T06:44:31.522+00:00
1ef53088-dd67-40ea-ac2c-42505323685e,株式会社浅井,架電済,2026-09-10T06:44:31.514+00:00
1f6a3909-f293-464f-a3a4-c04360761da9,浪速運送株式会社,架電済,2026-09-10T06:44:31.517+00:00
1fca0bb2-2a1e-40ab-ba51-431a9e157f64,中央運輸株式会社,架電済,2026-09-10T06:44:31.514+00:00
20077291-5198-4242-aac1-865df2d69b07,株式会社アーバン,架電済,2026-09-10T06:44:31.509+00:00
211427d7-ef1a-4c6e-ab44-1435ffb50317,株式会社安心堂,架電済,2026-09-10T06:44:31.521+00:00
22353967-51da-439b-b4c0-b2266c9d0861,株式会社ヒューマンリソシア,架電済,2026-09-10T06:44:31.517+00:00
22e64d72-1001-4e6e-97d3-9b291195b410,株式会社ジョイパック,架電済,2026-09-10T06:44:31.521+00:00
245be92c-d552-400b-b916-f5bdb588a0cf,株式会社ビジネスブレイン太田昭和,架電済,2026-09-10T06:44:31.513+00:00
27091fbe-8d04-45a9-9d43-3b330d1c52dd,キリンビジネスシステム株式会社,架電済,2026-09-10T06:44:31.517+00:00
2784759c-5f81-46b3-8bc7-30f51a5034d5,株式会社NTTデータMHIシステムズ,架電済,2026-09-10T06:44:31.519+00:00
28c259df-84f1-4152-8517-e3fc36b6539f,株式会社キング観光,架電済,2026-09-10T06:44:31.522+00:00
2ac9a255-b4d2-4e8d-b5fa-1e5ce75899b1,トナン輸送株式会社,架電済,2026-09-10T06:44:31.517+00:00
2ae7c78f-654b-4bd1-8295-d688db9c5287,日本電気硝子株式会社,架電済,2026-09-10T06:44:31.522+00:00
2aeebeea-f24d-4d1c-9743-4ebab0ed75ba,株式会社ソリトンシステムズ,架電済,2026-09-10T06:44:31.516+00:00
2b214c1a-5406-471b-8a7d-53c599715993,株式会社岡田商運,架電済,2026-09-10T06:44:31.519+00:00
2b2c7f0a-5e68-4cb9-a10a-fae8a070c1e1,ホッカンホールディングス株式会社,架電済,2026-09-10T06:44:31.521+00:00
2bb13e74-5a36-4e99-b244-5f2cc8ce3799,株式会社ワールドカップ,架電済,2026-09-10T06:44:31.516+00:00
2bf1f57b-ed75-4c9e-abc6-1c5fdaa66925,堀川産業株式会社,架電済,2026-09-10T06:44:31.516+00:00
2d02b0f3-d542-4aaf-9b0f-639372e11bc2,西日本建設業保証株式会社,架電済,2026-09-10T06:44:31.515+00:00
2d1bc285-8a1c-4e24-9625-0d7f306b111d,大同メタル工業株式会社,架電済,2026-09-10T06:44:31.522+00:00
2d5c5d4b-31a4-4f9e-87b1-c867b59a2dfd,THK株式会社,架電済,2026-09-10T06:44:31.514+00:00
2d927dd1-2ff3-483f-a34f-fb0e5ba9382a,株式会社シティコミュニケーションズ,架電済,2026-09-10T06:44:31.521+00:00
2dd1e56c-2e13-4641-9ac5-3ee923988214,エムケイ観光バス株式会社,架電済,2026-09-10T06:44:31.514+00:00
2dd2197a-e8e5-4b25-9db0-a4db59fc932b,株式会社大阪チタニウムテクノロジーズ,架電済,2026-09-10T06:44:31.512+00:00
2ed0dc0f-416b-40fa-ac12-92c6910d4873,アンリツ株式会社,架電済,2026-09-10T06:44:31.516+00:00
2ef104e3-c712-4b9c-9365-4b3d2110ee47,リケンテクノス株式会社,架電済,2026-09-10T06:44:31.516+00:00
2f87ef92-5319-48c0-a7bb-9972ebf1a3d1,株式会社システムリサーチ,架電済,2026-09-10T06:44:31.521+00:00
3162b9e3-84eb-43f6-8f3a-136138132e93,NHKテクノロジーズ株式会社,架電済,2026-09-10T06:44:31.516+00:00
329debab-552a-4f57-8cd9-664c30ea9999,株式会社エムオーテックス,架電済,2026-09-10T06:44:31.511+00:00
32d5f27b-2ca7-453a-bd09-9a7d387d77d6,株式会社ABC,架電済,2026-09-10T06:44:31.516+00:00
360664a1-381f-429a-adef-c786ad79c577,株式会社東海レジャー,架電済,2026-09-10T06:44:31.521+00:00
362ee3f9-46a2-4e48-b2fb-524925fcb12f,Cominka,架電済,2026-09-10T06:44:31.518+00:00
366a8aa1-6098-4435-a746-e27291c51ade,株式会社ほくうん,架電済,2026-09-10T06:44:31.516+00:00
377d5273-67ce-4610-a09d-7a6e6a59e050,株式会社エフピコ,架電済,2026-09-10T06:44:31.517+00:00
378621c8-3a95-4b28-b48f-799091fdb327,株式会社中四国丸和ロジスティクス,架電済,2026-09-10T06:44:31.521+00:00
3832945b-de61-4795-a1ad-312649ccb045,バリュエンスジャパン株式会社,架電済,2026-09-10T06:44:31.521+00:00
387bfc79-61c8-4de5-94fb-0bac47170442,株式会社ゲオホールディングス（セカンドストリート）,架電済,2026-09-10T06:44:31.517+00:00
38b9c915-949e-4a7e-ac76-fd6689c42147,尾張陸運株式会社,架電済,2026-09-10T06:44:31.521+00:00
39911b11-cfd6-4994-b29a-7297f1235f4b,ピーアークホールディングス株式会社,架電済,2026-09-10T06:44:31.516+00:00
3aad6400-0a8b-416a-9b45-b71d710003ca,国際ロジテック株式会社,架電済,2026-09-10T06:44:31.517+00:00
3b116beb-07c1-4ba2-8ee1-a2fc3763751c,CTCシステムマネジメント株式会社,架電済,2026-09-10T06:44:31.52+00:00
3b24110c-82b6-4c34-8484-0dc58128ee69,ダイセーロジスティクス株式会社,架電済,2026-09-10T06:44:31.51+00:00
3bae97a0-7ac9-41f2-91e3-2b93e6e61700,株式会社丸野,架電済,2026-09-10T06:44:31.512+00:00
3bccbf4d-261b-44d3-b757-38c7d753dc64,サービス＆セキュリティ株式会社,架電済,2026-09-10T06:44:31.521+00:00
3c190262-3ddd-41e5-b011-bdfada86e457,株式会社日阪製作所,架電済,2026-09-10T06:44:31.517+00:00
3ccb2741-56aa-4c38-bdd9-c45ffd9b2aea,日産愛知販売株式会社,架電済,2026-09-10T06:44:31.51+00:00
3e7585d2-6ef9-44cb-b1ee-25627b8ea71a,株式会社アビバホールディングス,架電済,2026-09-10T06:44:31.522+00:00
3fa9c0ab-c15c-4b91-b4f5-d650c68fdccc,株式会社コムチュア,架電済,2026-09-10T06:44:31.52+00:00
412d5939-b25f-4bad-a4aa-aa45adae5a93,株式会社フジクラ,架電済,2026-09-10T06:44:31.512+00:00
42d8c79d-7ea3-49b1-8760-82aaaa100b9f,フェスタリアホールディングス株式会社,架電済,2026-09-10T06:44:31.518+00:00
42d9a737-f102-44af-bcd0-0bf950904122,オカダアイヨン株式会社,架電済,2026-09-10T06:44:31.51+00:00
44264c16-a30d-4501-98dd-a5872d8e1ef8,株式会社千葉通商,架電済,2026-09-10T06:44:31.522+00:00
4504f897-d640-4cca-8da0-9b4fb7292b46,カヤバ株式会社,架電済,2026-09-10T06:44:31.517+00:00
458315d3-8478-422b-965d-12f23d568f46,テー・ピー・エスサービス株式会社,架電済,2026-09-10T06:44:31.516+00:00
46132f1d-230d-4c32-878b-9ceef0506e11,Bell tree株式会社,架電済,2026-09-10T06:44:31.515+00:00
46f9cfc0-1c15-43f9-975e-7a4020f4a80f,司企業株式会社,架電済,2026-09-10T06:44:31.518+00:00
4712e35b-76ca-4b6e-90be-1780fb8223db,菊池運輸株式会社,架電済,2026-09-10T06:44:31.516+00:00
478f9625-4970-4268-80c3-c1e0483b3447,株式会社日の丸リムジン,架電済,2026-09-10T06:44:31.517+00:00
486872b0-4e2d-4c75-8d2b-61d3a339cfac,株式会社ユー・エス・エス,架電済,2026-09-10T06:44:31.521+00:00
4882a47e-ab37-4f8f-b777-6c3c5492c3c6,共和観光株式会社,架電済,2026-09-10T06:44:31.515+00:00
489e5a89-c62b-4433-98bb-277350797361,サン・エム・システム株式会社,架電済,2026-09-10T06:44:31.511+00:00
48e547fa-fd40-41de-ad48-c2ce012d364e,出水運輸センター株式会社,架電済,2026-09-10T06:44:31.522+00:00
495bec06-fac7-47b8-9483-89e243972b25,NTTドコモビジネス株式会社,架電済,2026-09-10T06:44:31.522+00:00
49e89e29-1cce-451f-acb6-fcb574835c1b,株式会社ジーテクト,架電済,2026-09-10T06:44:31.514+00:00
4ac66757-ee57-4984-93fb-1a7bcadc46e9,株式会社フォーカスシステムズ,架電済,2026-09-10T06:44:31.52+00:00
4acc9fe9-c299-46bd-8bbc-598b7711442b,株式会社システムズ・デザイン,架電済,2026-09-10T06:44:31.516+00:00
4bdf4286-65c2-44c3-b7d3-bc625a33f3ad,株式会社ビーコム（SKIP）,架電済,2026-09-10T06:44:31.517+00:00
4c6b55c4-d9df-4037-b38f-bd79b226d02a,キチナングループ株式会社,架電済,2026-09-10T06:44:31.514+00:00
4c9bb0de-8d21-4979-9607-2825d8874339,ユニバーサルコンピューター株式会社,架電済,2026-09-10T06:44:31.512+00:00
4cd8041c-3531-4747-93c0-67815f9dbdf9,株式会社テイクアンドギヴ・ニーズ,架電済,2026-09-10T06:44:31.514+00:00
4d07adad-b5a5-4576-86b2-79ef827bb10e,株式会社クロスキャット,架電済,2026-09-10T06:44:31.513+00:00
4d208955-c212-4f56-ba0d-0f2143c595a8,パナソニック インフォメーションシステムズ株式会社,架電済,2026-09-10T06:44:31.522+00:00
4da41548-178b-4a40-9249-f2109f6609fc,株式会社プローバ,架電済,2026-09-10T06:44:31.513+00:00
4f2e521e-5f5e-4c1e-8020-2ecacea993e1,株式会社丸運,架電済,2026-09-10T06:44:31.52+00:00
4f399479-3a08-4e58-a278-a28131336ee5,アイテック阪急阪神株式会社,架電済,2026-09-10T06:44:31.512+00:00
5068b998-6358-4a02-9c49-1a1882ba5f24,祐徳自動車株式会社,架電済,2026-09-10T06:44:31.522+00:00
5093a9f5-9a5f-4707-9f49-5be4febc5fb2,株式会社東日本トランスポート,架電済,2026-09-10T06:44:31.514+00:00
5095b189-cac6-4543-8314-7a1e644a718c,荏原実業株式会社,架電済,2026-09-10T06:44:31.511+00:00
50bf3dbd-ec00-4f50-bde0-2a13eeabb1cf,株式会社東海バス,架電済,2026-09-10T06:44:31.518+00:00
50ca454c-df27-4aa9-94d8-f1cb87b97d2e,日本シイエムケイ株式会社,架電済,2026-09-10T06:44:31.514+00:00
5153c3c7-4eed-4f39-879c-39f03c61ce15,株式会社ヘリオス松山,架電済,2026-09-10T06:44:31.516+00:00
51569c4b-4570-47fb-a69d-e69d70e74be9,平和観光株式会社,架電済,2026-09-10T06:44:31.516+00:00
519fe8f1-c6c5-4bd2-9ba6-53fbd44e3d70,株式会社ユニバーサルエンターテインメント,架電済,2026-09-10T06:44:31.518+00:00
52c2fdeb-ac75-4b5b-bb3a-b832efd53974,株式会社日本空港ロジテム,架電済,2026-09-10T06:44:31.515+00:00
52cfd213-bdad-41e8-a92c-a0f2acfa909f,株式会社ミライル,架電済,2026-09-10T06:44:31.518+00:00
53ac6599-7fb3-4849-8cac-02c83d67749b,株式会社ハローズ,架電済,2026-09-10T06:44:31.516+00:00
54172dc2-7b67-469a-aecd-c663333ebcca,信和建設株式会社,架電済,2026-09-10T06:44:31.511+00:00
5488c677-6d4f-4661-b01e-86c1090da043,ブックオフグループホールディングス株式会社,架電済,2026-09-10T06:44:31.513+00:00
56419cb7-2f24-4e46-a25c-085c01027f39,空港協力事業株式会社,架電済,2026-09-10T06:44:31.521+00:00
56421c39-c98c-47ae-9b5a-5d0df4fccc33,株式会社NS丸和ロジスティクス,架電済,2026-09-10T06:44:31.516+00:00
5663c51b-cb1c-4a8b-8cff-1a7256a63303,滋賀近交運輸倉庫株式会社,架電済,2026-09-10T06:44:31.517+00:00
5682f70d-35f6-4469-a5ce-422d18c15d54,日本管財グループ,架電済,2026-09-10T06:44:31.513+00:00
56e74430-bda6-45e3-a0ca-e1b04366b027,ニチレキグループ株式会社,架電済,2026-09-10T06:44:31.516+00:00
56f886c1-fda1-453e-8ba3-c8504ca0a9bb,株式会社成城石井,架電済,2026-09-10T06:44:31.514+00:00
574322dc-d344-4d05-9027-ef7ec0e1a2bc,豊栄交通株式会社,架電済,2026-09-10T06:44:31.516+00:00
5768951e-9e30-42cb-bba6-b07e0106d590,アミューズグループ,架電済,2026-09-10T06:44:31.52+00:00
583de558-cb65-49e1-9935-d0b7d8d09c91,株式会社三永,架電済,2026-09-10T06:44:31.521+00:00
5863b0e7-cc35-4407-ac89-15646ed90bd9,SCSKサービスウェア株式会社,架電済,2026-09-10T06:44:31.52+00:00
5a16fefb-0678-4dba-abe3-b17328a84b92,ケンコーマヨネーズ株式会社,架電済,2026-09-10T06:44:31.517+00:00
5a72da04-99d8-4a0a-8bd7-5bef35c10f8d,株式会社日硝ハイウエー,架電済,2026-09-10T06:44:31.522+00:00
5aebba46-3adf-4e6a-bcce-2a4d6bd1e882,日本フレートライナー株式会社,架電済,2026-09-10T06:44:31.514+00:00
5b14f88c-8900-4dd9-9d87-77627d058676,ジャパンエレベーターサービスホールディングス株式会社,架電済,2026-09-10T06:44:31.516+00:00
5bfa4e29-5080-42b1-bee7-f215090eed2e,株式会社コンピュータマインド,架電済,2026-09-10T06:44:31.512+00:00
5c047671-4e77-4a77-8cd9-5ffa0cc1e275,株式会社慶尚,架電済,2026-09-10T06:44:31.517+00:00
5c2369ab-2da1-4e1b-ace0-29c0bf1caa8d,山洋電気株式会社,架電済,2026-09-10T06:44:31.518+00:00
5dc60751-4009-4ad7-888a-7dacc7de6fe9,株式会社アイ・エス・ビー,架電済,2026-09-10T06:44:31.516+00:00
5e1197a6-9ec0-4e30-a494-cf4aa1bbc2ad,株式会社システムエグゼ,架電済,2026-09-10T06:44:31.52+00:00
5e5ca6c4-a1fd-4e45-aedb-73641590e38d,株式会社ユーコー,架電済,2026-09-10T06:44:31.52+00:00
5f18e874-ec55-4718-9501-0889a7192ba9,株式会社富士メガネ,架電済,2026-09-10T06:44:31.51+00:00
5fec7bec-3d94-49ad-8d2f-96965c52671f,フィード・ワン株式会社,架電済,2026-09-10T06:44:31.516+00:00
602c8755-3670-4ad3-a007-a592436aedb2,日本SE株式会社,架電済,2026-09-10T06:44:31.516+00:00
612856d7-43df-4f5d-9b33-71e45d4acbd9,株式会社アルゴグラフィックス,架電済,2026-09-10T06:44:31.518+00:00
619078f7-786b-46a8-af7b-3a22059258e1,株式会社ベルシステム２４,架電済,2026-09-10T06:44:31.517+00:00
61b9d6ca-1c73-428b-9cf4-f350dd094e13,株式会社ワイドレジャー,架電済,2026-09-10T06:44:31.522+00:00
627c3062-7500-480f-9060-c968b026dc6a,テクバン株式会社,架電済,2026-09-10T06:44:31.521+00:00
6351b4bd-0312-4c97-a9f2-2ac3ccc3e10f,永大産業株式会社(関西),架電済,2026-09-10T06:44:31.521+00:00
63dc89cf-2748-4150-af45-396410cf5be8,コベルコソフトサービス株式会社,架電済,2026-09-10T06:44:31.511+00:00
63f3855a-04be-4b29-bbd9-323333da1ea7,株式会社ファンコミュニケーションズ,架電済,2026-09-10T06:44:31.51+00:00
64c1895d-bdd8-46a6-b181-25844585a83a,株式会社メッセ,架電済,2026-09-10T06:44:31.522+00:00
66b25f52-aa40-44c0-8bfa-905c37114154,三井ホームエンジニアリング株式会社,架電済,2026-09-10T06:44:31.514+00:00
67b084ea-f0ef-408b-a2eb-9381251b4df2,株式会社NTTデータ東北,架電済,2026-09-10T06:44:31.516+00:00
67b51074-7dec-46fb-8e78-869f5d5cbddd,株式会社NEXCOシステムソリューションズ,架電済,2026-09-10T06:44:31.512+00:00
68346fdf-3982-4272-b4e6-5bf4b3fd798f,富士紡ホールディングス株式会社,架電済,2026-09-10T06:44:31.52+00:00
68affb8b-fb8a-4f02-8e28-2a263e335d28,株式会社OCS,架電済,2026-09-10T06:44:31.521+00:00
68dd23f2-c3fd-44fc-8452-a0c5b9723cb7,株式会社中電シーティーアイ,架電済,2026-09-10T06:44:31.515+00:00
69621266-7f0c-4ea0-b966-b2e6317db996,日本カーバイド工業株式会社,架電済,2026-09-10T06:44:31.511+00:00
699b3d14-e869-4904-b276-d66d68297468,住友林業株式会社,架電済,2026-09-10T06:44:31.521+00:00
69aa9027-abbe-4aec-9ca1-53622893108b,株式会社真城ホールディングス,架電済,2026-09-10T06:44:31.516+00:00
69c2b246-959f-4925-b01f-0a2ae729e917,信越ポリマー株式会社,架電済,2026-09-10T06:44:31.513+00:00
6a505099-90da-42e7-862b-534f47f3b7c2,株式会社上組,架電済,2026-09-10T06:44:31.52+00:00
6b6b0bf1-6434-4979-9e6b-d3a2706e0fa9,菱洋ホールディングス株式会社,架電済,2026-09-10T06:44:31.52+00:00
6b966c5f-06a5-4f84-ac72-284d766b7dd5,リストインターナショナルリアルティ株式会社,架電済,2026-09-10T06:44:31.516+00:00
6bc038a8-9f73-4472-a40c-7109d4801755,株式会社マイスティア,架電済,2026-09-10T06:44:31.518+00:00
6cdf76ed-7e58-42a8-adc5-2585dad31fac,大石建設株式会社,架電済,2026-09-10T06:44:31.517+00:00
6cf53b93-ac36-46c0-9a91-b2aa2ebffee8,象印マホービン株式会社,架電済,2026-09-10T06:44:31.52+00:00
6dc104f8-713b-4453-b371-c50bbd36228e,株式会社ＮＴＴデータ・ウィズ,架電済,2026-09-10T06:44:31.514+00:00
6e60c7fc-135a-4d1b-9d11-853f24f87e01,株式会社アイネット,架電済,2026-09-10T06:44:31.511+00:00
6ed5e4ce-c064-4a5a-bc24-2e4e6c421f69,日拓グループ,架電済,2026-09-10T06:44:31.52+00:00
6f0664e6-6cf7-43fc-bea2-d11ac1133206,買取大吉（株式会社エンパワー）,架電済,2026-09-10T06:44:31.517+00:00
6f141570-c0c7-4997-8113-ee674025fb57,東京福祉バス株式会社,架電済,2026-09-10T06:44:31.516+00:00
6f1ab9e3-3405-424d-930e-b8f6121d09dc,SKY株式会社,架電済,2026-09-10T06:44:31.521+00:00
6f597d72-d28a-425d-89b0-3b0c07eb1746,谷川建設株式会社,架電済,2026-09-10T06:44:31.517+00:00
6f866445-efeb-492c-a41f-51d01e4483b2,株式会社B&Mテクノサービス,架電済,2026-09-10T06:44:31.512+00:00
706143cc-6b03-43bc-a866-17efb9cdd5fc,伊豆箱根交通株式会社,架電済,2026-09-10T06:44:31.519+00:00
7079c4e3-e08b-4bde-956c-e2a902817626,レイズネクスト株式会社,架電済,2026-09-10T06:44:31.52+00:00
719fe2aa-8fe3-4e38-b9b2-50f4929992fe,株式会社日本オカダエンタープライズ,架電済,2026-09-10T06:44:31.515+00:00
728646ef-a0bd-4c5f-8c12-6ea6732a7a6e,株式会社ジョイパック（ビックマーチ）,架電済,2026-09-10T06:44:31.516+00:00
7292ae4d-008c-43db-beb1-7a094a38e7c7,名古屋東部陸運株式会社,架電済,2026-09-10T06:44:31.513+00:00
72d7a9c5-3099-4ecf-b8ac-89c76de981f0,二葉運送株式会社,架電済,2026-09-10T06:44:31.517+00:00
72f439f8-cc0e-45d4-afbf-3b6dfe454a37,ユニアデックス株式会社,架電済,2026-09-10T06:44:31.522+00:00
734f3acc-572f-4f61-8912-743acd7f4749,日神機工株式会社,架電済,2026-09-10T06:44:31.514+00:00
73be055e-3c58-4bc6-99da-a1faf498e0f3,株式会社バンダイナムコアミューズメント,架電済,2026-09-10T06:44:31.51+00:00
75766fac-10b2-463d-912a-01bd77232d24,日本電子計算株式会社,架電済,2026-09-10T06:44:31.519+00:00
75d3d281-56f5-4c90-aadb-d04d52c21af8,株式会社ABI,架電済,2026-09-10T06:44:31.522+00:00
764dcd8e-b88d-42be-a53d-9c2fb99b3b1c,株式会社ベルク,架電済,2026-09-10T06:44:31.52+00:00
77734dda-46b3-4f25-a052-40d37e254657,新電元工業株式会社,架電済,2026-09-10T06:44:31.519+00:00
77c8f90b-44e4-4f84-9458-8057d6f00558,株式会社メガネのナガタ,架電済,2026-09-10T06:44:31.517+00:00
7863c168-6236-4ad2-83c7-d1483b7fbbf4,住友不動産販売株式会社,架電済,2026-09-10T06:44:31.513+00:00
787868a0-9e79-4a2a-ab03-a358267e090c,株式会社アイネス,架電済,2026-09-10T06:44:31.514+00:00
78ab14fc-7a88-4500-8a3b-0a7a878fa9bb,コタ株式会社,架電済,2026-09-10T06:44:31.516+00:00
78c52605-5cb1-4f76-9186-348d265c1492,株式会社第一運輸,架電済,2026-09-10T06:44:31.517+00:00
798d6759-f7ac-43fd-90af-5ffdf0950b1a,株式会社グリムス,架電済,2026-09-10T06:44:31.516+00:00
7a1e2b56-7700-48d2-b586-8c4ad911ae70,アサガミ株式会社,架電済,2026-09-10T06:44:31.511+00:00
7a74f7c5-3dfa-4ffe-bd34-afde9525ec58,株式会社三芳エキスプレス,架電済,2026-09-10T06:44:31.517+00:00
7aa12d0e-4249-402c-a50d-011a29b20f97,コムテック株式会社,架電済,2026-09-10T06:44:31.52+00:00
7c6f4114-f839-46d4-b578-111de7a20fe4,四国高速運輸株式会社,架電済,2026-09-10T06:44:31.512+00:00
7cb163b6-a306-44fb-b1c8-d909750b1af0,イノテック株式会社,架電済,2026-09-10T06:44:31.518+00:00
7cd4045a-bd01-4bc3-9f05-234ec2e61a07,株式会社平和,架電済,2026-09-10T06:44:31.522+00:00
7cdd3d22-e2aa-4b1c-adf2-c041780a8b2b,株式会社ツツミ,架電済,2026-09-10T06:44:31.522+00:00
7d5a20e5-9049-4fb4-a20f-724ffd26c831,株式会社フリースタイル,架電済,2026-09-10T06:44:31.519+00:00
7e5ef26e-6579-4402-848a-20d98244504d,株式会社第一実業,架電済,2026-09-10T06:44:31.517+00:00
7edca548-0c64-4938-a10b-0d9f11b63414,株式会社ナガヤマ物流,架電済,2026-09-10T06:44:31.513+00:00
7ff153ce-b720-4e2c-8145-9e8f01bb08e5,プリヴェ運輸株式会社,架電済,2026-09-10T06:44:31.518+00:00
8075b596-36e5-47ed-8ab4-6868750a612f,株式会社合田観光商事,架電済,2026-09-10T06:44:31.509+00:00
81049f01-eeaa-4925-850a-fa0bdf06f84d,イリソ電子工業株式会社,架電済,2026-09-10T06:44:31.517+00:00
8231485c-1f1e-4d46-8227-4f7d9968b525,商都交通株式会社,架電済,2026-09-10T06:44:31.521+00:00
82eac80f-9c4c-4a81-8a62-4636a8dbb321,株式会社ビジョンメガネ,架電済,2026-09-10T06:44:31.517+00:00
82f64ddd-e5fd-4533-b29f-6e2dc6dd39c2,株式会社松屋,架電済,2026-09-10T06:44:31.522+00:00
83651218-fa4c-4383-8047-e745a56d8130,名鉄西部交通株式会社,架電済,2026-09-10T06:44:31.521+00:00
8390cf6a-ae9f-49f3-85ef-affa0ba2d6ca,株式会社パートナー,架電済,2026-09-10T06:44:31.515+00:00
83eaab9c-281f-4406-b30b-b4b9a08d5a7f,株式会社ソディック,架電済,2026-09-10T06:44:31.516+00:00
840c8b1f-4af5-44c2-936b-08099a61e5ed,株式会社首都圏物流,架電済,2026-09-10T06:44:31.518+00:00
844665d4-57df-4fdc-b95c-e21232808c71,ホンダ運送株式会社,架電済,2026-09-10T06:44:31.52+00:00
844cc68d-224d-43a4-8eed-74d7f8daf6f0,インターナショナルエクスプレス株式会社,架電済,2026-09-10T06:44:31.51+00:00
84ed02e5-6fe0-4a74-984c-79f95eacf959,株式会社ザ シティ,架電済,2026-09-10T06:44:31.52+00:00
859cf65b-686b-4fa3-b065-3e7132c426da,アライ興産株式会社,架電済,2026-09-10T06:44:31.522+00:00
85be8921-637f-49cc-9398-f15293cbf099,愛染興業株式会社,架電済,2026-09-10T06:44:31.52+00:00
87995d72-1630-4598-a300-0c57ea5b49f9,株式会社関通,架電済,2026-09-10T06:44:31.516+00:00
87eec7ef-fd6a-4054-8283-bb639877050f,株式会社オザム（トワーズ／キャッチラボ）,架電済,2026-09-10T06:44:31.516+00:00
883dfa31-9782-417f-a32d-c4b45294cd77,株式会社ハードオフコーポレーション,架電済,2026-09-10T06:44:31.52+00:00
883ee9ff-e459-4290-ae6a-013edf52fecf,株式会社安田屋,架電済,2026-09-10T06:44:31.517+00:00
89229ac3-e0cc-49b7-96dc-4b02be9b9e5d,埼玉南センコーロジ株式会社,架電済,2026-09-10T06:44:31.522+00:00
89917b0b-683f-4be3-b7d1-2e420158056a,日本航空電子工業株式会社,架電済,2026-09-10T06:44:31.514+00:00
8a47b753-4c35-4a1c-bec5-16386fab75ce,株式会社あらた,架電済,2026-09-10T06:44:31.51+00:00
8abf5238-9622-4145-8537-49ac0c744a5c,北海道トナミ運輸株式会社,架電済,2026-09-10T06:44:31.512+00:00
8b7203b9-b420-438f-b161-6fa72dc042d5,株式会社インプレス,架電済,2026-09-10T06:44:31.517+00:00
8bb1249c-8054-4635-aedd-5de58ff27925,広島バス株式会社,架電済,2026-09-10T06:44:31.518+00:00
8ccec55d-ff2e-453b-842a-4c6130579383,株式会社ヒカリシステム,架電済,2026-09-10T06:44:31.517+00:00
8e241842-ebf7-4289-9057-e9aa72a3a5d1,スタイルファクトリー株式会社,架電済,2026-09-10T06:44:31.522+00:00
8e3500af-684d-47d1-a85e-2e874c8497fc,WAKOグループ,架電済,2026-09-10T06:44:31.521+00:00
8f6b27b8-684e-48d9-8954-075aaf8644a7,株式会社フルヤ金属,架電済,2026-09-10T06:44:31.521+00:00
8f74ed17-cf9b-4860-878c-9c70f7f04ca7,エヌアイデイ株式会社,架電済,2026-09-10T06:44:31.51+00:00
900dc6e3-03b1-4d24-8f26-f2614788f075,極東貿易株式会社,架電済,2026-09-10T06:44:31.513+00:00
90f171f3-a7b7-475e-98bc-213228fa9462,オーティーティーロジスティクス株式会社,架電済,2026-09-10T06:44:31.517+00:00
9127fac5-6bfa-4efd-8907-f4571ed05f4d,東海カーボン株式会社,架電済,2026-09-10T06:44:31.513+00:00
930729f8-7de7-4ef1-87b2-30abcb8dd1d6,シグマベンディングサービス株式会社,架電済,2026-09-10T06:44:31.519+00:00
9307dfc3-e130-4ecd-bfcd-d0ae8a659810,中越テック株式会社,架電済,2026-09-10T06:44:31.522+00:00
93f308c2-cef9-404c-bd9f-17ec7026ab5b,マブチモーター株式会社,架電済,2026-09-10T06:44:31.515+00:00
94f0996e-1fa2-4260-bcea-75e026be054f,SBSロジコム関東株式会社,架電済,2026-09-10T06:44:31.521+00:00
9641e8c7-9b23-45c3-84b0-47e5bc48f3ca,株式会社ノースランド,架電済,2026-09-10T06:44:31.512+00:00
96cdcf5e-199b-43ad-abe3-e304074bc7ae,株式会社新日本科学,架電済,2026-09-10T06:44:31.521+00:00
96d8fc18-0949-41af-9a62-9724c09bab65,株式会社藤商事,架電済,2026-09-10T06:44:31.514+00:00
97160238-503e-49ae-b4cc-18a44d4719dc,株式会社ソユー,架電済,2026-09-10T06:44:31.521+00:00
976d85cd-bed1-4bde-96ee-b76895059a93,株式会社昇栄,架電済,2026-09-10T06:44:31.518+00:00
978d9895-8d87-4d0b-bd6c-cf5ee0e93926,株式会社群馬バス,架電済,2026-09-10T06:44:31.515+00:00
9834ed7e-7060-4dfb-8bdc-557615dbe7bb,株式会社メディアドゥ,架電済,2026-09-10T06:44:31.517+00:00
9838eba7-eea7-47ce-8b01-7d851f80129f,株式会社ティーガイア,架電済,2026-09-10T06:44:31.515+00:00
9a450003-93bd-42d3-b372-35f0f2151ba6,株式会社オータ,架電済,2026-09-10T06:44:31.516+00:00
9abe599b-7833-4558-8376-4256ec623d78,株式会社日本製鋼所,架電済,2026-09-10T06:44:31.521+00:00
9ac82888-5d69-44c2-96a2-539de5cdba53,NSW株式会社,架電済,2026-09-10T06:44:31.516+00:00
9b29bc82-0b44-46e9-99b3-55297e2f86aa,ニチバン株式会社,架電済,2026-09-10T06:44:31.517+00:00
9b309ba6-350f-4788-a5ec-085c02730cfa,イーソル株式会社,架電済,2026-09-10T06:44:31.522+00:00
9b33655c-63ed-46f1-9d19-5d8d535148d9,マルタケ運輸株式会社,架電済,2026-09-10T06:44:31.52+00:00
9b74bca5-86e3-4e6b-8328-d790a419e96b,株式会社ゾフ,架電済,2026-09-10T06:44:31.51+00:00
9ca27a74-fee2-495b-8f44-c8856ee35d46,大日精化工業株式会社,架電済,2026-09-10T06:44:31.521+00:00
9ca5a634-4f4c-4160-8d24-30eb1263da16,株式会社引越社,架電済,2026-09-10T06:44:31.516+00:00
9cd9ac48-0f0b-4e51-a3e8-bc8fe185720d,株式会社電通テック（IT部門）,架電済,2026-09-10T06:44:31.521+00:00
9d029216-ea7e-457d-8907-4e2775e68b7d,ヤマハモーターソリューション株式会社,架電済,2026-09-10T06:44:31.517+00:00
9d37e966-f081-4824-b2d7-fcb4e1ce73bf,アイベックスエアラインズ株式会社,架電済,2026-09-10T06:44:31.512+00:00
9f6c6b11-527a-4699-980d-9bf2aed2f0d8,株式会社永和商事,架電済,2026-09-10T06:44:31.522+00:00
9fb0418f-a89f-4314-be80-b4f0ae92dd9f,日工株式会社,架電済,2026-09-10T06:44:31.515+00:00
9fea90f3-03ae-43f5-b085-1a45fa4a838f,株式会社鹿児島急送,架電済,2026-09-10T06:44:31.517+00:00
a09325d9-602f-436f-a976-f499c41cce27,株式会社ヴァンドームヤマダ,架電済,2026-09-10T06:44:31.52+00:00
a0acc594-3d69-4842-b5a1-d5f1432e3a36,トリックスターズ・アレア株式会社,架電済,2026-09-10T06:44:31.51+00:00
a0dcdf83-c8ec-4bb4-83a6-5634f0b32830,株式会社アルファシステムズ,架電済,2026-09-10T06:44:31.511+00:00
a21d6258-6056-44ae-89c1-03bd84bb3985,株式会社メガネスーパー,架電済,2026-09-10T06:44:31.514+00:00
a2299047-a5c2-4f82-bd48-6f0f3c5f49ee,株式会社アドバンスト・メディア,架電済,2026-09-10T06:44:31.517+00:00
a3cd242e-0289-47f8-8a66-c45b503c4f56,WILLER EXPRESS株式会社,架電済,2026-09-10T06:44:31.512+00:00
a486aad3-c165-41f7-92c6-91195d8b3974,コンドーテック株式会社,架電済,2026-09-10T06:44:31.519+00:00
a4b1c775-02c0-4c74-99af-b808c8c30545,株式会社マルカミ物流,架電済,2026-09-10T06:44:31.514+00:00
a52d441e-8154-4aca-a557-2182b5a09904,帝産観光バス株式会社,架電済,2026-09-10T06:44:31.518+00:00
a5f66f36-f642-4106-b181-f4780df6e2c3,エイム株式会社,架電済,2026-09-10T06:44:31.52+00:00
a6509f58-5809-4d75-b9f8-5b9e8633323c,CLINKS株式会社,架電済,2026-09-10T06:44:31.516+00:00
a738c595-a968-4204-8679-c1e0a34d3dd8,株式会社フコックス,架電済,2026-09-10T06:44:31.512+00:00
a773097f-f567-4369-a213-93902be98c6d,株式会社ベルーナ,架電済,2026-09-10T06:44:31.514+00:00
aab9d330-ab36-47b2-953e-e72a6dabe91c,大樹生命アイテクノロジー株式会社,架電済,2026-09-10T06:44:31.514+00:00
aacac822-0b24-4bd0-87f1-eae71c1e4356,東亜物流株式会社,架電済,2026-09-10T06:44:31.522+00:00
ac6c3ec5-ecf3-453e-b8e3-6780e3423b46,キャピタルモータース株式会社,架電済,2026-09-10T06:44:31.51+00:00
acf5ec46-443a-4375-b507-3c2f78692f85,株式会社ソルクシーズ,架電済,2026-09-10T06:44:31.521+00:00
af4ef689-234d-40a6-b98e-7edc95f4971f,株式会社インターアクション,架電済,2026-09-10T06:44:31.516+00:00
af9171d5-c9c8-4b03-9008-50acaec153a8,株式会社ベガスベガス,架電済,2026-09-10T06:44:31.516+00:00
afb487e4-ae31-49a4-9900-66508158c2a8,株式会社光通信,架電済,2026-09-10T06:44:31.517+00:00
afdc48f6-20c1-46a7-9712-09a6d3e4ecc8,川崎陸送株式会社,架電済,2026-09-10T06:44:31.513+00:00
b1187d93-bcd4-4a7f-95f1-b64599c55932,佐鳥電機株式会社,架電済,2026-09-10T06:44:31.515+00:00
b2b27916-f363-4fe0-8544-d81396397da0,フジ住宅株式会社,架電済,2026-09-10T06:44:31.515+00:00
b2c5e4ae-b6d3-4afe-8b92-ec45fe1df1b5,株式会社ダイナム,架電済,2026-09-10T06:44:31.514+00:00
b30677bc-a162-485c-b933-b4cbcbcce5cf,株式会社カツヨシ商事,架電済,2026-09-10T06:44:31.52+00:00
b39c533e-9a95-464b-8fd2-b53e5155d967,株式会社ティーネットジャパン,架電済,2026-09-10T06:44:31.517+00:00
b3f132bc-858b-4df9-ac82-d1d0cb53922e,パーソルビジネスプロセスデザイン株式会社,架電済,2026-09-10T06:44:31.516+00:00
b4b7e6ef-8d0e-4b75-9562-d8058e13f3bc,株式会社シルバーバック・SB,架電済,2026-09-10T06:44:31.516+00:00
b654c964-97aa-4303-a9d6-e73d6f3539cb,日本金銭機械株式会社,架電済,2026-09-10T06:44:31.514+00:00
b7707cdc-7d78-44e6-acf5-8960dacb5b19,NECネクサソリューションズ株式会社,架電済,2026-09-10T06:44:31.518+00:00
b7c9ab0a-8475-42e3-bb55-3ef230c586b4,東海海運株式会社,架電済,2026-09-10T06:44:31.52+00:00
b93abe0b-5edc-4884-82a6-bb97ec192fa0,SUMINOE株式会社,架電済,2026-09-10T06:44:31.512+00:00
b97e5ee5-ce01-4042-b1e6-76c290108716,株式会社アミパラ,架電済,2026-09-10T06:44:31.52+00:00
b9c6204c-5683-4d97-a7c4-766083cc89e6,東洋埠頭株式会社,架電済,2026-09-10T06:44:31.511+00:00
ba29f7f7-2581-455e-9bc7-137f48540cfa,三輪運輸工業株式会社,架電済,2026-09-10T06:44:31.516+00:00
ba83741f-7ced-4e3c-81b9-0cd73cb05809,アンダーツリー株式会社,架電済,2026-09-10T06:44:31.515+00:00
bad9cd60-d8d7-4ec0-8042-c2c530c81bad,株式会社キャパ,架電済,2026-09-10T06:44:31.516+00:00
bb8a7d2b-001f-4ae4-abf7-59506548c923,株式会社湖北台産業,架電済,2026-09-10T06:44:31.513+00:00
bbc8e2a1-32c6-4aee-a8cb-de1bc9b9cb7c,株式会社FPG,架電済,2026-09-10T06:44:31.517+00:00
bcd06960-217f-4010-bb1e-63e61c1a79e0,ロジット株式会社,架電済,2026-09-10T06:44:31.517+00:00
bd76bf99-6dee-4b9e-a6cb-55a8f0eb6380,協同運輸株式会社,架電済,2026-09-10T06:44:31.522+00:00
bdf64081-e741-457e-b6f2-463c077441fd,アルピコタクシー株式会社,架電済,2026-09-10T06:44:31.517+00:00
bee62f27-80c2-4329-8fa3-3cd14664de95,株式会社ツバキ・ナカシマ,架電済,2026-09-10T06:44:31.512+00:00
bf4982c4-8478-4abe-a145-cbfa0ce33671,大豊株式会社,架電済,2026-09-10T06:44:31.521+00:00
bf4efc52-1c0c-4209-83e5-6240f771be86,日精エー・エス・ビー機械株式会社,架電済,2026-09-10T06:44:31.512+00:00
c0dd6ff2-ce66-473a-a40e-2a3fa39065c3,株式会社トップ,架電済,2026-09-10T06:44:31.513+00:00
c1cc98c1-b916-4df7-b1a9-b1ce3cd30476,KOA株式会社,架電済,2026-09-10T06:44:31.521+00:00
c2986793-7b91-4373-b971-4675982014df,株式会社カイテクノロジー,架電済,2026-09-10T06:44:31.522+00:00
c2bcae40-b84a-473d-8a88-3fb3ab7fd356,株式会社テンポスバスターズ,架電済,2026-09-10T06:44:31.517+00:00
c3e7fdb4-e513-436d-bc10-84e937b77603,ナブテスコ株式会社,架電済,2026-09-10T06:44:31.517+00:00
c4ddd079-77fd-4897-8370-1791fe31feaa,株式会社ボールド,架電済,2026-09-10T06:44:31.514+00:00
c4fb39cb-038d-401e-88f6-ecbdf599bfdf,株式会社丸三,架電済,2026-09-10T06:44:31.515+00:00
c4fb7327-95bc-4daf-bae7-43321ab57c2a,ユニプレス株式会社,架電済,2026-09-10T06:44:31.516+00:00
c5a8d6a9-696e-4710-b505-0a233fe11792,株式会社コロナワールド,架電済,2026-09-10T06:44:31.516+00:00
c5d440e7-3598-4cff-a496-240be862f5de,JBサービス株式会社,架電済,2026-09-10T06:44:31.516+00:00
c609f66b-f3e7-4887-a4c2-441794fc6807,共英製鋼株式会社,架電済,2026-09-10T06:44:31.51+00:00
c6bf4826-f7bc-4009-8f25-2ebf10e9dac0,DCM株式会社,架電済,2026-09-10T06:44:31.51+00:00
c8082ecf-86f9-4043-8153-87a552c97c81,株式会社第一コーポレーション,架電済,2026-09-10T06:44:31.517+00:00
c82f007c-4ef3-42d7-bbfa-50534aaa528f,株式会社エクセディ,架電済,2026-09-10T06:44:31.517+00:00
c92ad747-96ed-477c-8aac-131c651938ad,クレスコ株式会社,架電済,2026-09-10T06:44:31.515+00:00
c954efb3-e08e-471e-bd8b-d0390539fb02,夢コーポレーション株式会社,架電済,2026-09-10T06:44:31.514+00:00
c960daf5-1fb1-4497-8f42-7f6731ce7bb1,サカタインクス株式会社,架電済,2026-09-10T06:44:31.521+00:00
ca44b841-9516-461c-a1d5-765d52bec23a,国産自動車交通株式会社,架電済,2026-09-10T06:44:31.516+00:00
cb053da1-c725-410d-b560-157c27cddeb8,NTT西日本ビジネスフロント株式会社,架電済,2026-09-10T06:44:31.52+00:00
cb41df42-d36a-492a-b88c-042ffaa1e52b,ジェイアール東海サービス株式会社,架電済,2026-09-10T06:44:31.518+00:00
cb7d3cba-1016-4dcc-97af-cbc66c9f3f2a,株式会社YAMATE,架電済,2026-09-10T06:44:31.522+00:00
cba2a4af-9e48-441a-b423-f35b0be5b6c5,扶桑薬品工業株式会社,架電済,2026-09-10T06:44:31.517+00:00
cc4d466a-f491-4ac5-a05c-fdd43cffea45,SMK株式会社,架電済,2026-09-10T06:44:31.51+00:00
cd1da288-7fdb-463d-a376-2cb395798893,明星工業株式会社,架電済,2026-09-10T06:44:31.517+00:00
cd877ae6-81c1-48b4-9b2f-3d6d6fdda42e,株式会社つばめマネジメント,架電済,2026-09-10T06:44:31.512+00:00
ce0e32c8-5e7a-429c-ad55-53061bb63d8d,岡山スイキュウ株式会社,架電済,2026-09-10T06:44:31.518+00:00
cec8926b-20c3-41af-a88f-38b93497bbde,岡山土地倉庫株式会社,架電済,2026-09-10T06:44:31.51+00:00
cf1f9c22-9f06-45a1-a624-c862f43a24ff,株式会社朝日ネット,架電済,2026-09-10T06:44:31.512+00:00
cff1c307-3ca6-4f1a-8de0-f8ad53de61d6,株式会社システムサポート,架電済,2026-09-10T06:44:31.51+00:00
d0d6031e-e0c6-4af2-91e3-bde74c04b596,清興運輸株式会社,架電済,2026-09-10T06:44:31.515+00:00
d0e31667-5aa7-42d0-8a75-3ae77dbce3fd,キンドリルジャパン・テクノロジーサービス株式会社,架電済,2026-09-10T06:44:31.518+00:00
d18d8a24-2af9-4e03-a453-e4d3dd70af23,大阪センコー運輸株式会社,架電済,2026-09-10T06:44:31.521+00:00
d1cf41c3-d2fa-4eb1-acc9-e95abfd3ef37,株式会社ダイエー,架電済,2026-09-10T06:44:31.517+00:00
d2d37c48-c8b9-4a89-a846-20c85505494f,菱東運輸倉庫株式会社,架電済,2026-09-10T06:44:31.51+00:00
d30753fd-7bbe-4d18-b700-df8b31c76f54,株式会社エラン,架電済,2026-09-10T06:44:31.515+00:00
d335eb98-8404-44ae-9892-ca84fe730aae,株式会社大西商事,架電済,2026-09-10T06:44:31.522+00:00
d3f7f4f5-13f4-416f-9f41-87c3c535c0a3,インフォテック・ホールディングス株式会社,架電済,2026-09-10T06:44:31.514+00:00
d478f653-ef21-4cff-90af-1a346cb48ef3,マルソー株式会社,架電済,2026-09-10T06:44:31.51+00:00
d4a6a978-4623-4784-b363-57693ecf51fa,ジェイロジスティクス株式会社,架電済,2026-09-10T06:44:31.521+00:00
d54652f8-2241-459d-b0dd-aed8f46bcaac,NRIデータiテック株式会社,架電済,2026-09-10T06:44:31.519+00:00
d5f2669c-9e19-4b49-868e-28131ea82437,ＴＩＳ株式会社,架電済,2026-09-10T06:44:31.515+00:00
d60aac80-d62e-48c5-8de9-0a374a1bd2ab,堺化学工業株式会社,架電済,2026-09-10T06:44:31.516+00:00
d64dec08-37c8-43a3-9073-990983a8ec75,株式会社ライブガーデン,架電済,2026-09-10T06:44:31.513+00:00
d6820af6-bca3-42fc-b34f-e456d4ee4fa7,社会福祉法人 愛生福祉会,架電済,2026-09-10T06:44:31.522+00:00
d6da62b6-91f9-4f9c-8545-5acb01b3237b,ハリウッドチェーン・成通グループ,架電済,2026-09-10T06:44:31.514+00:00
d6fbe1b9-07ee-4567-a1e0-3571e12d7ce7,株式会社アプリイ,架電済,2026-09-10T06:44:31.521+00:00
d730e880-8dcd-4a09-98f2-18eaee8227e1,明治ロジテック株式会社,架電済,2026-09-10T06:44:31.509+00:00
d8832211-58a0-4167-a67c-aac2caf637db,株式会社ソーデン社,架電済,2026-09-10T06:44:31.517+00:00
da6cbe55-8be1-470a-adf2-2add86f2bd12,日本信号株式会社,架電済,2026-09-10T06:44:31.511+00:00
dd4cc0aa-7fad-4d25-844c-f088cdb8f7c1,株式会社吉村一建設,架電済,2026-09-10T06:44:31.521+00:00
ddff00e4-d669-48e9-9bcf-d32d0e3537e0,新日鉄住金ソリューションズ株式会社,架電済,2026-09-10T06:44:31.521+00:00
de38dcb4-06bc-4fa4-9fd3-7736429d1946,株式会社スタッフサービス・テクノロジー,架電済,2026-09-10T06:44:31.521+00:00
de4ee4e0-e8b7-4d49-b9e9-285385a95585,パーソルコミュニケーションサービス株式会社,架電済,2026-09-10T06:44:31.511+00:00
df3a3927-2fe3-421c-90ab-f60f6cdc6ef1,株式会社コナミアミューズメント,架電済,2026-09-10T06:44:31.517+00:00
dfa212db-851a-42a9-931a-6114a6f9a1ab,電気興業株式会社,架電済,2026-09-10T06:44:31.521+00:00
dfc6b27a-c5dc-4abb-8cd3-d6cf26988438,株式会社オービック,架電済,2026-09-10T06:44:31.519+00:00
dfc81545-703f-43d8-89bd-d49757b79e60,セントラル・タンクターミナル株式会社,架電済,2026-09-10T06:44:31.521+00:00
e033e047-c569-4516-a978-6afeeaf8eac2,セーレン株式会社,架電済,2026-09-10T06:44:31.521+00:00
e0f2b846-3081-4df4-a843-92996faba14c,株式会社アクシス・クリエイト,架電済,2026-09-10T06:44:31.521+00:00
e3bfcf8c-0636-4b53-ba7c-6ea240f41222,山佐ネクスト株式会社,架電済,2026-09-10T06:44:31.515+00:00
e3cea29e-771a-48f5-ba81-c8f03894b4ce,株式会社トランスウェブ,架電済,2026-09-10T06:44:31.521+00:00
e4e4f152-51bb-4605-9295-0eef107566ff,株式会社レスター,架電済,2026-09-10T06:44:31.512+00:00
e5139f4f-940a-4988-ae25-32e7acc043ce,スターワークス東海株式会社,架電済,2026-09-10T06:44:31.515+00:00
e5514ead-1273-47bf-ac5c-49c3c5782a9f,セキスイハイム株式会社,架電済,2026-09-10T06:44:31.52+00:00
e608cf70-3c1a-4f0e-8536-2daf96ac42f3,株式会社GOOYA,架電済,2026-09-10T06:44:31.515+00:00
ea5f24f1-ad9f-4c1c-9ede-1e32e57daa99,株式会社アイシーエス,架電済,2026-09-10T06:44:31.513+00:00
ea60a6e7-d405-4789-ae4c-87af7b5f92d5,株式会社食品流通システム,架電済,2026-09-10T06:44:31.517+00:00
ea64477e-51b7-43c0-9e0d-a1351c414964,東洋ビジネスエンジニアリング株式会社,架電済,2026-09-10T06:44:31.521+00:00
ea8f86d5-7c06-442f-ab58-01d58ce0bac2,株式会社三共,架電済,2026-09-10T06:44:31.515+00:00
eaf5cf1c-d083-4ac1-839b-69d50662c2f9,飯盛運輸株式会社,架電済,2026-09-10T06:44:31.516+00:00
ec00d5d0-0030-439b-9dfe-747992ff71a7,株式会社タクト・マシン・サービス,架電済,2026-09-10T06:44:31.514+00:00
ec862bc2-06d3-4348-bbe1-5325a442c2d9,メガネの田中チェーン株式会社,架電済,2026-09-10T06:44:31.518+00:00
edde2e7e-f873-4262-acb5-14286f3a71f9,北陸名鉄運輸株式会社,架電済,2026-09-10T06:44:31.511+00:00
ef1b53d0-2691-4752-8707-b1272638bd40,株式会社サンセイアールアンドディ,架電済,2026-09-10T06:44:31.513+00:00
f1067d83-8007-414e-8bd2-c5d98f38291b,SBS即配サポート株式会社,架電済,2026-09-10T06:44:31.512+00:00
f1abacaa-36b0-4592-bef6-514bfdaae423,株式会社竹内製作所,架電済,2026-09-10T06:44:31.52+00:00
f1afb2ef-2f65-49a1-bf71-81c01cd74a30,D'station株式会社,架電済,2026-09-10T06:44:31.52+00:00
f26c3ee5-5f5b-461d-8409-9a84e88252c9,エスフーズ株式会社,架電済,2026-09-10T06:44:31.522+00:00
f28c6ba1-bd20-4f73-86e0-a9320f18e1af,株式会社スリーエス・サンキュウ,架電済,2026-09-10T06:44:31.516+00:00
f2987da9-b2ce-4fd2-915f-62258edb81c4,スワロフスキー・ジャパン株式会社,架電済,2026-09-10T06:44:31.515+00:00
f46854b6-6a51-4735-bd4c-13f02de0255c,小田急交通株式会社,架電済,2026-09-10T06:44:31.52+00:00
f470e97f-fdb8-424e-9363-0c232193857f,石井商事運輸株式会社,架電済,2026-09-10T06:44:31.519+00:00
f54bfcd4-80c6-4f71-bce5-d670d044c198,株式会社ジャパンカーゴ,架電済,2026-09-10T06:44:31.514+00:00
f556dde0-209f-4701-95bd-777bebb10fae,日本タクシー株式会社,架電済,2026-09-10T06:44:31.51+00:00
f55f166d-b178-40dd-ad2a-48f9e81d8347,株式会社アルペン,架電済,2026-09-10T06:44:31.522+00:00
f6845d63-4fb0-4931-a312-4e57051750be,株式会社ロジクエスト,架電済,2026-09-10T06:44:31.521+00:00
f7033966-6e93-4e18-9b91-6b5bdd2926dd,株式会社栗本鐵工所,架電済,2026-09-10T06:44:31.516+00:00
f7267cc5-a2c5-4d75-b737-828e373bc39b,ダイコク電機株式会社,架電済,2026-09-10T06:44:31.522+00:00
f7c6adb3-a131-496d-85c1-cabfcea7b104,アルプスアルパイン株式会社,架電済,2026-09-10T06:44:31.522+00:00
f8a31011-5d11-4df3-8f3f-b4fe6c939d9f,株式会社ラクスパートナーズ,架電済,2026-09-10T06:44:31.521+00:00
f8f20088-d9a5-4664-82dc-3738cd7961b6,株式会社ツガミ,架電済,2026-09-10T06:44:31.522+00:00
f93e5182-b99b-4ff9-887a-181b34aaf0e7,三光合成株式会社,架電済,2026-09-10T06:44:31.512+00:00
f94dfa38-e2a7-4ff5-b91a-940d6e8feae5,CTCテクノロジー株式会社,架電済,2026-09-10T06:44:31.52+00:00
fa8c9c5b-e1c2-476e-a9ae-7eeaab7366c6,荒井商事株式会社,架電済,2026-09-10T06:44:31.51+00:00
fa9bc8ca-4e1a-4a3a-b33e-290460984b5f,ココネット株式会社,架電済,2026-09-10T06:44:31.517+00:00
fb09d115-86c4-4f5d-b031-42b35c205ca5,シキボウ株式会社,架電済,2026-09-10T06:44:31.51+00:00
fbcc1e9d-9f03-4240-9286-cacb52054c4e,アイディホーム株式会社,架電済,2026-09-10T06:44:31.512+00:00
fccea0dc-858b-44b3-8975-c89d95df5082,ＴＤＣソフト株式会社,架電済,2026-09-10T06:44:31.515+00:00
fdba8f53-7df3-414b-8c86-537b4c40282f,西濃エキスプレス株式会社,架電済,2026-09-10T06:44:31.522+00:00
fdd786cd-4944-40a4-9745-91bd7077056d,アズビル株式会社,架電済,2026-09-10T06:44:31.517+00:00
fec9404d-f32c-45b2-b5f1-2d07de3aefad,前田工繊株式会社,架電済,2026-09-10T06:44:31.521+00:00
